DESCRIPTIONS,FLAG
Online payment from CHK 1,CC
AMD NEWPORT-LEVEE,E
APPLE,PS
AVI DUNNHUMBY,E
BUFFALO WILD WINGS,E
BURGER,E
CHICK-FIL-A,E
CHIPOTLE,E
CINEMARK,E
COCA COLA,E
CURRIES,E
CURRITO,E
DAVE & BUSTERS,E
EINSTEINS,E
ENTERPRISE RENT-A-CAR,T
FANDANGO,E
FREEZE FRAME,E
GAR WOODS GRILL & PIERCARNELIAN BAYCA,E
GRAETERS,E
HOLLYWOOD TOBACCO,E
HOT OR MILD,E
HYDERABAD HOUSE,E
INDIAN GROCER,E
ITUNES,E
KINGS BEACH LIQUORKINGS BEACH,E
LAROSA'S,E
LINDEN BISTRO,E
MACYS,PS
MAPLEWOOD KITCHEN,E
MOVIEPASS,E
NOAH'S BAGELS,E
NURSERY,HS
OBERWEIS,E
OLIVE  WINE BAR,E
Pizza,E
POTBELLY,E
PRETZEL,E
RAVE,E
RESTAURANT,E
SKYDECK,E
STARBUCKS,E
Strong's Brick Oven Pizz,E
SUBS AND ROLLS,E
TAQUERIA,E
TG WEST CHESTER,E
WENDYS,E
WHICH WICH,E
WOK AND ROLL,E
YNP VALLEY LODGE FOOD,E
YUPPTV,E
LA FITNESS,FIT
LAF,FIT
7-ELEVEN,G
BP,G
COSTCO GAS,G
EXXONMOBIL,G
KROGER FUEL,G
MAPCO-EXPRESS,G
SHELL OIL,G
SPEEDWAY,G
SUNOCO,G
UNITED DAIRY FARMERS,G
AL AMIR,E
APNA BAZAAR,GR
CASABLANCA,GR
COSTCO WHSE,GR
GOOGLE *Walmartg.co/helppay#CA,GR
HALAL MARKET,GR
JUNGLE JIM'S,GR
KROGER,GR
PATEL BROTHERS,GR
SAVEMART,GR
WAL-MART,GR
WHOLEFDS,GR
WM SUPERCENTER,GR
DOLLAR TREE,HS
IKEA,HS
MICRO CENTER,HS
TARGET,HS
ANNUAL FEE,INT
INTEREST CHARGED ON,INT
INTEREST REF,INT
TOP QUALITY CLEANERS,L
AUTOZONE,MISC
BARNES & NOBLE,MISC
ELS LANG CTR,MISC
HELLO* HELLOFAXHELLOFAX.COM,MISC
NTTA CUST SVC,MISC
SAN*TABARBARACACOURT,MISC
STATE OF CALIF DMV INT SC800-7770133 ,MISC
CVS/PHARMACY,MD
HEALTH INSURANCE,MD
ST E MC ONLINE PAYMENT,MD
WALGREENS,MD
GREAT CLIPS,MN
Online payment from SAV 5,OPS
JOHN HANCOCK,P
PARKING,P
GARAGE,P
PAY BY PHONE PAYMENT,PH
RAZA COMMUNICATION,PH
ABERCROMBIE & FITCH,PS
AEROPOSTALE,PS
BUY BUY BABY,PS
CHARLOTTE RUSSE,PS
CLARKS OUTLET,PS
DICK'S SPORTING GOODS,PS
DILLARD'S,PS
GH BASS & CO,PS
IC *FREESHIPPING.COM,PS
JCPENNEY,PS
JOANN STORES,PS
LACOSTE,PS
LEVIS,PS
LOFT,PS
LUSH,PS
MAURICES,PS
NEW YORK & COMPANY,PS
PERFUMANIA,PS
AIRBNB,T
AIRFARE,T
ALG*AIR,T
CINCINNATI AIRPORT,T
EXPEDIA,T
UBER,T
TWC*TIMEWARNERCABLE,WF
FRONTIER,T